<?xml version="1.0" encoding="UTF-8"?>
<CustomLabels xmlns="http://soap.sforce.com/2006/04/metadata">
    <labels>
        <fullName>AC1</fullName>
        <language>en_US</language>
        <protected>true</protected>
        <shortDescription>ac111</shortDescription>
        <value>new</value>
    </labels>
    <labels>
        <fullName>AC133</fullName>
        <language>en_US</language>
        <protected>true</protected>
        <shortDescription>AC133</shortDescription>
        <value>1gv</value>
    </labels>
    <labels>
        <fullName>ACL90</fullName>
        <language>en_US</language>
        <protected>true</protected>
        <shortDescription>ACL90</shortDescription>
        <value>1cvbcbvn</value>
    </labels>
    <labels>
        <fullName>ANA_CL_Approved</fullName>
        <language>en_US</language>
        <protected>false</protected>
        <shortDescription>ANA_CL_Approved</shortDescription>
        <value>Approved</value>
    </labels>
    <labels>
        <fullName>ANA_CL_CompRequfields</fullName>
        <language>en_US</language>
        <protected>false</protected>
        <shortDescription>ANA_CL_CompRequfields</shortDescription>
        <value>Complete required fields prior to submitting for approval</value>
    </labels>
    <labels>
        <fullName>Ac8</fullName>
        <language>en_US</language>
        <protected>true</protected>
        <shortDescription>ACL54</shortDescription>
        <value>511</value>
    </labels>
    <labels>
        <fullName>AnthemSubrogationEmail1</fullName>
        <language>en_US</language>
        <protected>false</protected>
        <shortDescription>AnthemSubrogationEmail1</shortDescription>
        <value>dl-subroimplementations@meridianresource.com</value>
    </labels>
    <labels>
        <fullName>AnthemSubrogationEmail2</fullName>
        <language>en_US</language>
        <protected>false</protected>
        <shortDescription>AnthemSubrogationEmail2</shortDescription>
        <value>kaye.Newsome@anthem.com</value>
    </labels>
    <labels>
        <fullName>BPD_Master_Duplicate_Record_Type</fullName>
        <language>en_US</language>
        <protected>false</protected>
        <shortDescription>BPD_Master Duplicate Record Type</shortDescription>
        <value>01241000001h0IF</value>
    </labels>
    <labels>
        <fullName>Bl</fullName>
        <language>en_US</language>
        <protected>true</protected>
        <shortDescription>Bl</shortDescription>
        <value>1</value>
    </labels>
    <labels>
        <fullName>CDHPISGLink_Part1</fullName>
        <categories>CDHP</categories>
        <language>en_US</language>
        <protected>false</protected>
        <shortDescription>CDHPISGLink_Part1</shortDescription>
        <value>https://commercial--ICEOLY.cs1.my.salesforce.com/idp/login?app=0spS0000000CaYN&amp;binding=HttpPost&amp;RelayState=https://ind--cdhp.my.salesforce.com/lightning/r/CDHP_Parent__c/</value>
    </labels>
    <labels>
        <fullName>N12</fullName>
        <language>en_US</language>
        <protected>true</protected>
        <shortDescription>N12</shortDescription>
        <value>1</value>
    </labels>
</CustomLabels>
